uri,status,status_reason,updated_at,sidecar_found,sidecar_bytes,chunks,metadata_ok,missing_keys,mismatched,meta.attachment_filename,meta.attachment_index,meta.attachment_url,meta.date_numeric,meta.doc_type,meta.message_id,meta.parent_message_id,meta.parent_source_url,meta.parent_subject,meta.related_countries,meta.sent_date,meta.source_url,meta.subject,meta.timestamp
s3://cits-rag-s3vector-documents-cits001/csms/1/68634647/csms-68634647.txt,INDEXED,,2026-09-08T20:08:34.235652+00:00,True,387,1,True,,,,,,20260514,csms_message,68634647,,,,,2026-05-14,https://content.govdelivery.com/accounts/USDHSCBP/bulletins/4174817,Updated Consumer Product Safety Commission (CPSC) Message Implementation Guide is Now Available,1778770320
s3://cits-rag-s3vector-documents-cits001/csms/1/68636670/csms-68636670.txt,INDEXED,,2026-09-08T20:08:30.443459+00:00,True,415,1,True,,,,,,20260514,csms_message,68636670,,,,,2026-05-14,https://content.govdelivery.com/accounts/USDHSCBP/bulletins/4174ffe,"ACE Production Standard Invasive Maintenance from 10:00 p.m. ET Saturday, May 16, 2026 to 4:00 a.m. ET Sunday, May 17, 2026",1778777880
s3://cits-rag-s3vector-documents-cits001/csms/1/68674922/csms-68674922.txt,INDEXED,,2026-09-08T20:08:28.238097+00:00,True,433,2,True,,,,,,20260518,csms_message,68674922,,,,,2026-05-18,https://content.govdelivery.com/accounts/USDHSCBP/bulletins/417e56a,ACE CATAIR AD/CVD Case Information Query Updated: Manufacturer Details and Foreign Exporter Details Can Return an Unlimited Number of Records,1779134400
s3://cits-rag-s3vector-documents-cits001/csms/1/68674937/csms-68674937.txt,INDEXED,,2026-09-08T20:08:36.637459+00:00,True,364,1,True,,,,,,20260518,csms_message,68674937,,,,,2026-05-18,https://content.govdelivery.com/accounts/USDHSCBP/bulletins/417e579,Update to ACE CATAIR Error Dictionary: F865 HTS NOT ALLOWED FOR IMPORTER,1779134280
s3://cits-rag-s3vector-documents-cits001/csms/1/68685200/csms-68685200.txt,INDEXED,,2026-09-08T20:08:15.585279+00:00,True,394,1,True,,,,,,20260519,csms_message,68685200,,,,,2026-05-19,https://content.govdelivery.com/accounts/USDHSCBP/bulletins/4180d90,"ACE Certification Standard Invasive Maintenance Window on May 20, 2026, from 5:00 p.m. to 8:00 p.m. ET",1779212040
s3://cits-rag-s3vector-documents-cits001/csms/1/68705073/csms-68705073.txt,INDEXED,,2026-09-08T20:08:28.196615+00:00,True,323,1,True,,,,,,20260521,csms_message,68705073,,,,,2026-05-21,https://content.govdelivery.com/accounts/USDHSCBP/bulletins/4185b31,Courtesy Notice Schedule Update,1779374940
s3://cits-rag-s3vector-documents-cits001/csms/1/68751054/csms-68751054.txt,INDEXED,,2026-09-08T20:08:34.265635+00:00,True,332,1,True,,,,,,20260526,csms_message,68751054,,,,,2026-05-26,https://content.govdelivery.com/accounts/USDHSCBP/bulletins/4190ece,ACE System Outage to Address Performance,1779828840
s3://cits-rag-s3vector-documents-cits001/csms/1/68762890/csms-68762890.txt,INDEXED,,2026-09-08T20:08:15.297917+00:00,True,536,8,True,,,,,,20260527,csms_message,68762890,,,,['Taiwan'],2026-05-27,https://content.govdelivery.com/accounts/USDHSCBP/bulletins/4193d0a,GUIDANCE: Implementation of Certain Tariff-Related Elements of the Trade and Security Agreement Between the Taipei Economic and Cultural Representative Office and the American Institute in Taiwan,1779916560
s3://cits-rag-s3vector-documents-cits001/csms/1/68769720/csms-68769720.txt,INDEXED,,2026-09-08T20:08:28.127620+00:00,True,415,1,True,,,,,,20260528,csms_message,68769720,,,,,2026-05-28,https://content.govdelivery.com/accounts/USDHSCBP/bulletins/41957b8,"ACE Production Standard Invasive Maintenance from 10:00 p.m. ET Saturday, May 30, 2026 to 4:00 a.m. ET Sunday, May 31, 2026",1779982140
s3://cits-rag-s3vector-documents-cits001/csms/1/68769851/csms-68769851.txt,INDEXED,,2026-09-08T20:08:15.190308+00:00,True,384,1,True,,,,,,20260528,csms_message,68769851,,,,,2026-05-28,https://content.govdelivery.com/accounts/USDHSCBP/bulletins/419583b,Update to ACE CATAIR Error Dictionary: Error Name Changed for F613 HTS RELATIONSHIP MISMATCH,1779982320
s3://cits-rag-s3vector-documents-cits001/csms/1/68769970/csms-68769970.txt,INDEXED,,2026-09-08T20:08:30.614913+00:00,True,363,1,True,,,,,,20260528,csms_message,68769970,,,,,2026-05-28,https://content.govdelivery.com/accounts/USDHSCBP/bulletins/41958b2,"UPDATE: New CERT Date for AD/CVD Case Information Query is June 4, 2026",1779982500
s3://cits-rag-s3vector-documents-cits001/csms/1/68770001/csms-68770001.txt,INDEXED,,2026-09-08T20:08:15.314970+00:00,True,334,1,True,,,,,,20260601,csms_message,68770001,,,,,2026-06-01,https://content.govdelivery.com/accounts/USDHSCBP/bulletins/41958d1,PGA Error Code Dictionary Quarterly Update,1780320000
s3://cits-rag-s3vector-documents-cits001/csms/1/68770785/attachments/01-webinar-external-schedule-may-final-2026.pdf,INDEXED,,2026-09-08T20:08:15.488601+00:00,True,681,5,True,,,Webinar External Schedule May Final 2026.pdf,1,https://content.govdelivery.com/attachments/USDHSCBP/2026/05/28/file_attachments/3665996/Webinar%20External%20Schedule%20May%20Final%202026.pdf,20260528,csms_attachment,68770785,68770785,https://content.govdelivery.com/accounts/USDHSCBP/bulletins/4195be1,National Commodity Specialist Division (NCSD) June 2026 Webinars,,2026-05-28,,,1779986040
s3://cits-rag-s3vector-documents-cits001/csms/1/68770785/csms-68770785.txt,INDEXED,,2026-09-08T20:08:36.699756+00:00,True,356,3,True,,,,,,20260528,csms_message,68770785,,,,,2026-05-28,https://content.govdelivery.com/accounts/USDHSCBP/bulletins/4195be1,National Commodity Specialist Division (NCSD) June 2026 Webinars,1779986040
s3://cits-rag-s3vector-documents-cits001/csms/1/68772822/csms-68772822.txt,INDEXED,,2026-09-08T20:08:15.420529+00:00,True,390,2,True,,,,,,20260529,csms_message,68772822,,,,,2026-05-29,https://content.govdelivery.com/accounts/USDHSCBP/bulletins/41963d6,U.S. Customs and Border Protection Announces Registration Open for June Trade Enforcement Webinars,1780060200
s3://cits-rag-s3vector-documents-cits001/csms/1/68780321/csms-68780321.txt,INDEXED,,2026-09-08T20:08:15.335929+00:00,True,428,5,True,,,,,,20260529,csms_message,68780321,,,,,2026-05-29,https://content.govdelivery.com/accounts/USDHSCBP/bulletins/4198121,Update to ACE CATAIR Error Dictionary: New Error F60D LIC/CERT/PERM FOR HTS MISSING Created for Agriculture License Enforcement (LPC 14),1780063380
s3://cits-rag-s3vector-documents-cits001/csms/1/68815768/csms-68815768.txt,INDEXED,,2026-09-08T20:08:15.233418+00:00,True,396,1,True,,,,,,20260602,csms_message,68815768,,,,,2026-06-02,https://content.govdelivery.com/accounts/USDHSCBP/bulletins/41a0b98,"ACE Certification Standard Invasive Maintenance Window on June 3, 2026 from 5:00 p.m. ET to 8:00 p.m. ET",1780405680
s3://cits-rag-s3vector-documents-cits001/csms/1/68816828/csms-68816828.txt,INDEXED,,2026-09-08T20:08:15.463492+00:00,True,376,1,True,,,,,,20260602,csms_message,68816828,,,,['Taiwan'],2026-06-02,https://content.govdelivery.com/accounts/USDHSCBP/bulletins/41a0fbc,Harmonized System Update (HSU) 2611,1780410120
s3://cits-rag-s3vector-documents-cits001/csms/1/68819425/csms-68819425.txt,INDEXED,,2026-09-08T20:08:34.201772+00:00,True,327,1,True,,,,,,20260602,csms_message,68819425,,,,,2026-06-02,https://content.govdelivery.com/accounts/USDHSCBP/bulletins/41a19e1,Harmonized System Update (HSU) 2612,1780421700
s3://cits-rag-s3vector-documents-cits001/csms/1/68839994/csms-68839994.txt,INDEXED,,2026-09-08T20:08:15.568960+00:00,True,415,1,True,,,,,,20260604,csms_message,68839994,,,,,2026-06-04,https://content.govdelivery.com/accounts/USDHSCBP/bulletins/41a6a3a,"ACE Production Standard Invasive Maintenance from 10:00 p.m. ET Saturday, June 6, 2026 to 4:00 a.m. ET Sunday, June 7, 2026",1780579260
s3://cits-rag-s3vector-documents-cits001/csms/1/68855869/attachments/01-metals-hts-list-6426final.docx,INDEXED,,2026-09-08T20:08:30.633482+00:00,True,976,128,True,,,Metals HTS LIST 6426FINAL.docx,1,https://content.govdelivery.com/attachments/USDHSCBP/2026/06/05/file_attachments/3675566/Metals%20HTS%20LIST%206426FINAL.docx,20260605,csms_attachment,68855869,68855869,https://content.govdelivery.com/accounts/USDHSCBP/bulletins/41aa83d,"GUIDANCE: Further Adjusting the Tariff Regimes for Imports of Aluminum, Steel, and Copper Into the United States","['United Kingdom', 'Russia', 'Ecuador', 'El Salvador', 'Guatemala', 'Japan', 'South Korea', 'Switzerland', 'Taiwan', 'European Union', 'Belarus', 'Cuba', 'North Korea']",2026-06-05,,,1780687380
s3://cits-rag-s3vector-documents-cits001/csms/1/68855869/csms-68855869.txt,INDEXED,,2026-09-08T20:08:28.252510+00:00,True,683,26,True,,,,,,20260605,csms_message,68855869,,,,"['United Kingdom', 'Russia', 'Ecuador', 'El Salvador', 'Guatemala', 'Japan', 'South Korea', 'Switzerland', 'Taiwan', 'European Union', 'Belarus', 'Cuba', 'North Korea']",2026-06-05,https://content.govdelivery.com/accounts/USDHSCBP/bulletins/41aa83d,"GUIDANCE: Further Adjusting the Tariff Regimes for Imports of Aluminum, Steel, and Copper Into the United States",1780687380
s3://cits-rag-s3vector-documents-cits001/csms/1/68856484/attachments/01-webinar-external-schedule-june-final-2026.pdf,INDEXED,,2026-09-08T20:08:34.309179+00:00,True,683,5,True,,,Webinar External Schedule June Final 2026.pdf,1,https://content.govdelivery.com/attachments/USDHSCBP/2026/06/05/file_attachments/3675572/Webinar%20External%20Schedule%20June%20Final%202026.pdf,20260605,csms_attachment,68856484,68856484,https://content.govdelivery.com/accounts/USDHSCBP/bulletins/41aaaa4,National Commodity Specialist Division (NCSD) July 2026 Webinars,,2026-06-05,,,1780683660
s3://cits-rag-s3vector-documents-cits001/csms/1/68856484/csms-68856484.txt,INDEXED,,2026-09-08T20:08:28.151305+00:00,True,356,3,True,,,,,,20260605,csms_message,68856484,,,,,2026-06-05,https://content.govdelivery.com/accounts/USDHSCBP/bulletins/41aaaa4,National Commodity Specialist Division (NCSD) July 2026 Webinars,1780683660
s3://cits-rag-s3vector-documents-cits001/csms/1/68878482/csms-68878482.txt,INDEXED,,2026-09-08T20:08:34.250421+00:00,True,437,1,True,,,,,,20260608,csms_message,68878482,,,,['European Union'],2026-06-08,https://content.govdelivery.com/accounts/USDHSCBP/bulletins/41b0092,FDA Added Additional Code for LPCO Issuer - Government Geographic Code Qualifier in PG13,1780933920
s3://cits-rag-s3vector-documents-cits001/csms/1/68888585/csms-68888585.txt,INDEXED,,2026-09-08T20:08:27.538360+00:00,True,327,1,True,,,,,,20260609,csms_message,68888585,,,,,2026-06-09,https://content.govdelivery.com/accounts/USDHSCBP/bulletins/41b2809,Harmonized System Update (HSU) 2613,1781011020
s3://cits-rag-s3vector-documents-cits001/csms/1/68902435/csms-68902435.txt,INDEXED,,2026-09-08T20:08:15.448623+00:00,True,391,1,True,,,,,,20260617,csms_message,68902435,,,,,2026-06-17,https://content.govdelivery.com/accounts/USDHSCBP/bulletins/41b5e23,Final Reminder: Register for U.S. Customs and Border Protection’s June Trade Enforcement Webinars,1781702400
s3://cits-rag-s3vector-documents-cits001/csms/1/68914006/csms-68914006.txt,INDEXED,,2026-09-08T20:08:15.657952+00:00,True,520,2,True,,,,,,20260611,csms_message,68914006,,,,"['Indonesia', 'Sri Lanka', 'Vietnam']",2026-06-11,https://content.govdelivery.com/accounts/USDHSCBP/bulletins/41b8b56,National Marine Fisheries Service Restricts Imports from the Philippines Blue Swimming Crab Fisheries under the Marine Mammal Protection Act,1781187120
s3://cits-rag-s3vector-documents-cits001/csms/1/68916845/csms-68916845.txt,INDEXED,,2026-09-08T20:08:27.497605+00:00,True,369,2,True,,,,,,20260611,csms_message,68916845,,,,,2026-06-11,https://content.govdelivery.com/accounts/USDHSCBP/bulletins/41b966d,Updates to HTSUS Codes flagged under NOAA Fisheries Trade Monitoring Programs,1781199960
s3://cits-rag-s3vector-documents-cits001/csms/1/68916905/csms-68916905.txt,INDEXED,,2026-09-08T20:08:36.735761+00:00,True,488,3,True,,,,,,20260611,csms_message,68916905,,,,,2026-06-11,https://content.govdelivery.com/accounts/USDHSCBP/bulletins/41b96a9,"Update to Electronic Export Manifest (EEM) – Truck Manifest Implementation Guide (IG) CUSCAR Cargo Report Message, CUSREP Conveyance Report, CUSRES Status Notification, PAXLST, 309, 350, and 355",1781200620
s3://cits-rag-s3vector-documents-cits001/csms/1/68926220/csms-68926220.txt,INDEXED,,2026-09-08T20:08:36.753232+00:00,True,417,1,True,,,,,,20260615,csms_message,68926220,,,,,2026-06-15,https://content.govdelivery.com/accounts/USDHSCBP/bulletins/41bbb0c,"ACE Production Extended Invasive Maintenance from 9:00 p.m. ET Saturday, June 20, 2026, to 4:00 a.m. ET Sunday, June 21, 2026",1781529300
s3://cits-rag-s3vector-documents-cits001/csms/1/68927213/csms-68927213.txt,INDEXED,,2026-09-08T20:08:15.697836+00:00,True,369,2,True,,,,,,20260612,csms_message,68927213,,,,,2026-06-12,https://content.govdelivery.com/accounts/USDHSCBP/bulletins/41bbeed,Launch of CBP’s Forced Labor Enforcement Operational Guidance for Importers,1781283960
s3://cits-rag-s3vector-documents-cits001/csms/1/68952537/csms-68952537.txt,INDEXED,,2026-09-08T20:08:15.323073+00:00,True,403,2,True,,,,,,20260615,csms_message,68952537,,,,,2026-06-15,https://content.govdelivery.com/accounts/USDHSCBP/bulletins/41c21d9,"ACE Portal Webinar: How to Set Up and Manage an ACE Portal Account on Wednesday, June 17, 2026 at 11:00 a.m. ET",1781546520
s3://cits-rag-s3vector-documents-cits001/csms/1/68961636/csms-68961636.txt,INDEXED,,2026-09-08T20:08:28.168466+00:00,True,356,2,True,,,,,,20260616,csms_message,68961636,,,,,2026-06-16,https://content.govdelivery.com/accounts/USDHSCBP/bulletins/41c4564,Information: Quota Bulletin 26-225 2026 Argentina Beef Tranche 3,1781616840
s3://cits-rag-s3vector-documents-cits001/csms/1/68963141/csms-68963141.txt,INDEXED,,2026-09-08T20:08:34.222884+00:00,True,404,3,True,,,,,,20260616,csms_message,68963141,,,,,2026-06-16,https://content.govdelivery.com/accounts/USDHSCBP/bulletins/41c4b45,"Withhold Release Order (WRO) on Copper and Copper Products Manufactured in Serbia, by Serbia Zijin Copper D.O.O.",1781625600
s3://cits-rag-s3vector-documents-cits001/csms/1/68966469/csms-68966469.txt,INDEXED,,2026-09-08T20:08:30.464602+00:00,True,351,2,True,,,,,,20260616,csms_message,68966469,,,,,2026-06-16,https://content.govdelivery.com/accounts/USDHSCBP/bulletins/41c5845,ACE Portal: New Tools and Automation for Account Management,1781637960
s3://cits-rag-s3vector-documents-cits001/csms/1/68974644/csms-68974644.txt,INDEXED,,2026-09-08T20:08:15.384201+00:00,True,344,2,True,,,,,,20260617,csms_message,68974644,,,,,2026-06-17,https://content.govdelivery.com/accounts/USDHSCBP/bulletins/41c7834,Updates to Drawback Bond Validations and Error Codes,1781708520
s3://cits-rag-s3vector-documents-cits001/csms/1/68987884/csms-68987884.txt,INDEXED,,2026-09-08T20:08:15.346889+00:00,True,591,15,True,,,,,,20260618,csms_message,68987884,,,,"['Haiti', 'Kenya']",2026-06-18,https://content.govdelivery.com/accounts/USDHSCBP/bulletins/41cabec,"CORRECTION: Reauthorization of Preferential Trade Legislative (PTL) Programs - African Growth and Opportunity Act (AGOA), Haiti Hemispheric Opportunity through Partnership Encouragement Act (HOPE), and Haiti Economic Lift Program (HELP)",1781801460
s3://cits-rag-s3vector-documents-cits001/csms/1/69019366/csms-69019366.txt,INDEXED,,2026-09-08T20:08:15.618437+00:00,True,387,1,True,,,,,,20260622,csms_message,69019366,,,,,2026-06-22,https://content.govdelivery.com/accounts/USDHSCBP/bulletins/41d26e6,Updated Consumer Product Safety Commission (CPSC) Message Implementation Guide is Now Available,1782140580
s3://cits-rag-s3vector-documents-cits001/csms/1/69019529/csms-69019529.txt,INDEXED,,2026-09-08T20:08:30.561351+00:00,True,442,2,True,,,,,,20260622,csms_message,69019529,,,,['United Kingdom'],2026-06-22,https://content.govdelivery.com/accounts/USDHSCBP/bulletins/41d2789,Information: Quota Bulletin 26-509 2026 United Kingdom Automobile Quarter 3 Tariff Rate Quota,1782142260
s3://cits-rag-s3vector-documents-cits001/csms/1/69019627/csms-69019627.txt,INDEXED,,2026-09-08T20:08:15.331076+00:00,True,328,2,True,,,,,,20260622,csms_message,69019627,,,,,2026-06-22,https://content.govdelivery.com/accounts/USDHSCBP/bulletins/41d27eb,Forced Labor Portal Overview Webinar,1782142680
s3://cits-rag-s3vector-documents-cits001/csms/1/69031301/csms-69031301.txt,INDEXED,,2026-09-08T20:08:20.388082+00:00,True,454,3,True,,,,,,20260623,csms_message,69031301,,,,['Jordan'],2026-06-23,https://content.govdelivery.com/accounts/USDHSCBP/bulletins/41d5585,Withhold Release Orders (WROs) on Garments Produced in Jordan by Needle Craft Ltd. and Casual Wear Apparel L.L.C.,1782229800
s3://cits-rag-s3vector-documents-cits001/csms/1/69031391/csms-69031391.txt,INDEXED,,2026-09-08T20:08:15.420572+00:00,True,353,1,True,,,,,,20260623,csms_message,69031391,,,,,2026-06-23,https://content.govdelivery.com/accounts/USDHSCBP/bulletins/41d55df,"Delay in Issuance of Final Daily Statements for June 23, 2026",1782229080
s3://cits-rag-s3vector-documents-cits001/csms/1/69035485/csms-69035485.txt,INDEXED,,2026-09-08T20:08:28.113872+00:00,True,418,3,True,,,,,,20260623,csms_message,69035485,,,,,2026-06-23,https://content.govdelivery.com/accounts/USDHSCBP/bulletins/41d65dd,UPDATE – Consolidated Administration and Processing of Entries (CAPE) for IEEPA Refunds - Entries Flagged for Reconciliation,1782248760
s3://cits-rag-s3vector-documents-cits001/csms/1/69041190/csms-69041190.txt,INDEXED,,2026-09-08T20:08:28.181112+00:00,True,347,1,True,,,,,,20260624,csms_message,69041190,,,,,2026-06-24,https://content.govdelivery.com/accounts/USDHSCBP/bulletins/41d7c26,"Resolved - All Final Daily Statements for June 23, 2026",1782307500
s3://cits-rag-s3vector-documents-cits001/csms/1/69054058/csms-69054058.txt,INDEXED,,2026-09-08T20:08:20.517705+00:00,True,393,2,True,,,,,,20260625,csms_message,69054058,,,,,2026-06-25,https://content.govdelivery.com/accounts/USDHSCBP/bulletins/41dae6a,National Marine Fisheries Service Lifts Marine Mammal Protection Act Import Restrictions for Suriname,1782402240
s3://cits-rag-s3vector-documents-cits001/csms/1/69056483/csms-69056483.txt,INDEXED,,2026-09-08T20:08:15.476240+00:00,True,347,3,True,,,,,,20260625,csms_message,69056483,,,,,2026-06-25,https://content.govdelivery.com/accounts/USDHSCBP/bulletins/41db7e3,Update to Entry-Level Validations for CAPE Declarations,1782414960
s3://cits-rag-s3vector-documents-cits001/csms/1/69056621/csms-69056621.txt,INDEXED,,2026-09-08T20:08:36.717915+00:00,True,354,2,True,,,,,,20260626,csms_message,69056621,,,,,2026-06-26,https://content.govdelivery.com/accounts/USDHSCBP/bulletins/41db86d,Process to Re-Activate a Deactivated Importer of Record in ACE,1782479700
s3://cits-rag-s3vector-documents-cits001/csms/1/69063107/csms-69063107.txt,INDEXED,,2026-09-08T20:08:20.555090+00:00,True,408,1,True,,,,,,20260626,csms_message,69063107,,,,,2026-06-26,https://content.govdelivery.com/accounts/USDHSCBP/bulletins/41dd1c3,"ACE Production Invasive Maintenance from 10:00 p.m. ET Saturday, June 27, 2026 to 4:00 a.m. ET Sunday, June 28, 2026",1782479160
s3://cits-rag-s3vector-documents-cits001/csms/1/69066837/csms-69066837.txt,INDEXED,,2026-09-08T20:08:27.473449+00:00,True,420,2,True,,,,,,20260629,csms_message,69066837,,,,,2026-06-29,https://content.govdelivery.com/accounts/USDHSCBP/bulletins/41de055,DEPLOYED – Consolidated Administration and Processing of Entries (CAPE) for IEEPA Refunds - Entries Flagged for Reconciliation,1782725460
s3://cits-rag-s3vector-documents-cits001/csms/1/69068766/csms-69068766.txt,INDEXED,,2026-09-08T20:08:34.280776+00:00,True,460,5,True,,,,,,20260626,csms_message,69068766,,,,['European Union'],2026-06-26,https://content.govdelivery.com/accounts/USDHSCBP/bulletins/41de7de,USDA Agricultural Marketing Service – National Organic Program – New HTS Code Flagging and Filing Reminders,1782507060
s3://cits-rag-s3vector-documents-cits001/csms/1/69087399/csms-69087399.txt,INDEXED,,2026-09-08T20:08:20.500123+00:00,True,767,8,True,,,,,,20260629,csms_message,69087399,,,,"['Japan', 'United Kingdom', 'European Union', 'Austria', 'Bulgaria', 'Czechia', 'Denmark', 'Finland', 'France', 'Greece', 'Ireland', 'Italy', 'Luxembourg', 'Netherlands', 'Poland', 'Romania', 'Spain', 'Sweden', 'South Korea', 'Taiwan']",2026-06-29,https://content.govdelivery.com/accounts/USDHSCBP/bulletins/41e30a7,GUIDANCE: Duty Offset for Imports of Automobile and Medium and Heavy-Duty Vehicle Parts,1782745200
s3://cits-rag-s3vector-documents-cits001/csms/1/69098949/csms-69098949.txt,INDEXED,,2026-09-08T20:08:27.445236+00:00,True,450,1,True,,,,,,20260630,csms_message,69098949,,,,,2026-06-30,https://content.govdelivery.com/accounts/USDHSCBP/bulletins/41e5dc5,Update to the Automated Export System Trade Interface Requirements (AESTIR) – Appendix U – HTS/Schedule B Classifications Requiring Used Vehicle Reporting,1782830220
s3://cits-rag-s3vector-documents-cits001/csms/1/69100111/csms-69100111.txt,INDEXED,,2026-09-08T20:08:15.408479+00:00,True,382,2,True,,,,,,20260630,csms_message,69100111,,,,,2026-06-30,https://content.govdelivery.com/accounts/USDHSCBP/bulletins/41e624f,Update to ACE CATAIR Error Dictionary: New Error “F876 DUTY HTS REQUIRES NON-DUTY HTS”,1782835800
s3://cits-rag-s3vector-documents-cits001/csms/1/69100446/csms-69100446.txt,INDEXED,,2026-09-08T20:08:15.534518+00:00,True,396,1,True,,,,,,20260630,csms_message,69100446,,,,,2026-06-30,https://content.govdelivery.com/accounts/USDHSCBP/bulletins/41e639e,"ACE Certification Standard Invasive Maintenance Window on July 1, 2026 from 5:00 p.m. ET to 8:00 p.m. ET",1782835980
s3://cits-rag-s3vector-documents-cits001/csms/1/69111382/csms-69111382.txt,INDEXED,,2026-09-08T20:08:30.599282+00:00,True,327,1,True,,,,,,20260701,csms_message,69111382,,,,,2026-07-01,https://content.govdelivery.com/accounts/USDHSCBP/bulletins/41e8e56,Harmonized System Update (HSU) 2614,1782917220
s3://cits-rag-s3vector-documents-cits001/csms/1/69112467/csms-69112467.txt,INDEXED,,2026-09-08T20:08:15.303210+00:00,True,359,2,True,,,,,,20260701,csms_message,69112467,,,,,2026-07-01,https://content.govdelivery.com/accounts/USDHSCBP/bulletins/41e9293,Quota Bulletin 26-214 2026 Tuna Final Restraint Limit and Proration,1782922320
s3://cits-rag-s3vector-documents-cits001/csms/1/69113360/csms-69113360.txt,INDEXED,,2026-09-08T20:08:15.434138+00:00,True,356,1,True,,,,,,20260701,csms_message,69113360,,,,,2026-07-01,https://content.govdelivery.com/accounts/USDHSCBP/bulletins/41e9610,Updated Cargo Release Condition Codes Document Posted to CBP.gov,1782928380
s3://cits-rag-s3vector-documents-cits001/csms/1/69127837/csms-69127837.txt,INDEXED,,2026-09-08T20:08:15.551943+00:00,True,403,2,True,,,,,,20260702,csms_message,69127837,,,,,2026-07-02,https://content.govdelivery.com/accounts/USDHSCBP/bulletins/41ece9d,UPDATE – Consolidated Administration and Processing of Entries (CAPE) for IEEPA Refunds – Warehouse Entries,1783023960
s3://cits-rag-s3vector-documents-cits001/csms/1/69129195/csms-69129195.txt,INDEXED,,2026-09-08T20:08:27.523787+00:00,True,312,1,True,,,,,,20260702,csms_message,69129195,,,,,2026-07-02,https://content.govdelivery.com/accounts/USDHSCBP/bulletins/41ed3eb,ACE Unplanned Outage,1783032300
s3://cits-rag-s3vector-documents-cits001/csms/1/69130284/csms-69130284.txt,INDEXED,,2026-09-08T20:08:30.653153+00:00,True,322,1,True,,,,,,20260703,csms_message,69130284,,,,,2026-07-03,https://content.govdelivery.com/accounts/USDHSCBP/bulletins/41ed82c,ACE Unplanned Outage Completed,1783045500
s3://cits-rag-s3vector-documents-cits001/csms/1/69166973/csms-69166973.txt,INDEXED,,2026-09-08T20:08:15.637930+00:00,True,345,1,True,,,,,,20260707,csms_message,69166973,,,,,2026-07-07,https://content.govdelivery.com/accounts/USDHSCBP/bulletins/41f677d,Update to ACE CATAIR PGA Message Set is Now Available,1783434420
s3://cits-rag-s3vector-documents-cits001/csms/1/69177694/csms-69177694.txt,INDEXED,,2026-09-08T20:08:27.485278+00:00,True,423,2,True,,,,,,20260708,csms_message,69177694,,,,,2026-07-08,https://content.govdelivery.com/accounts/USDHSCBP/bulletins/41f915e,"Information from the Consumer Product Safety Commission (CPSC) Related to CPSC’s PGA Message Set (eFiling) Beginning July 8, 2026",1783517100
s3://cits-rag-s3vector-documents-cits001/csms/1/69183472/attachments/01-updated-global-guidance-for-international-mail-7-7-26.pdf,INDEXED,,2026-09-08T20:08:20.413566+00:00,True,689,14,True,,,Updated Global Guidance for International Mail-7.7.26.pdf,1,https://content.govdelivery.com/attachments/USDHSCBP/2026/07/08/file_attachments/3708650/Updated%20Global%20Guidance%20for%20International%20Mail-7.7.26.pdf,20260708,csms_attachment,69183472,69183472,https://content.govdelivery.com/accounts/USDHSCBP/bulletins/41fa7f0,Updated Global Guidance for International Mail,,2026-07-08,,,1783542900
s3://cits-rag-s3vector-documents-cits001/csms/1/69183472/attachments/02-international-mail-duty-payment-sheet.xlsx,INDEXED,,2026-09-08T20:08:34.165314+00:00,True,657,5,True,,,International Mail Duty Payment Sheet.xlsx,2,https://content.govdelivery.com/attachments/USDHSCBP/2026/07/08/file_attachments/3708633/International%20Mail%20Duty%20Payment%20Sheet.xlsx,20260708,csms_attachment,69183472,69183472,https://content.govdelivery.com/accounts/USDHSCBP/bulletins/41fa7f0,Updated Global Guidance for International Mail,,2026-07-08,,,1783542900
s3://cits-rag-s3vector-documents-cits001/csms/1/69183472/csms-69183472.txt,INDEXED,,2026-09-08T20:08:28.267308+00:00,True,338,2,True,,,,,,20260708,csms_message,69183472,,,,,2026-07-08,https://content.govdelivery.com/accounts/USDHSCBP/bulletins/41fa7f0,Updated Global Guidance for International Mail,1783542900
s3://cits-rag-s3vector-documents-cits001/csms/1/69191069/csms-69191069.txt,INDEXED,,2026-09-08T20:08:27.460104+00:00,True,417,1,True,,,,,,20260709,csms_message,69191069,,,,,2026-07-09,https://content.govdelivery.com/accounts/USDHSCBP/bulletins/41fc59d,"ACE Production Standard Invasive Maintenance from 10:00 p.m. ET Saturday, July 11, 2026 to 4:00 a.m. ET Sunday, July 12, 2026",1783611360
s3://cits-rag-s3vector-documents-cits001/csms/1/69193978/attachments/01-358-truck-export-manifest-implementation-guide-7010.pdf,INDEXED,,2026-09-08T20:08:20.453536+00:00,True,746,74,True,,,358 Truck Export Manifest Implementation Guide_7010.pdf,1,https://content.govdelivery.com/attachments/USDHSCBP/2026/07/09/file_attachments/3709748/358%20Truck%20Export%20Manifest%20Implementation%20Guide_7010.pdf,20260709,csms_attachment,69193978,69193978,https://content.govdelivery.com/accounts/USDHSCBP/bulletins/41fd0fa,Update to Electronic Export Manifest (EEM) – Truck Manifest Implementation Guide (IG) 358 Customs Consist,,2026-07-09,,,1783623420
s3://cits-rag-s3vector-documents-cits001/csms/1/69193978/csms-69193978.txt,INDEXED,,2026-09-08T20:08:15.396883+00:00,True,399,1,True,,,,,,20260709,csms_message,69193978,,,,,2026-07-09,https://content.govdelivery.com/accounts/USDHSCBP/bulletins/41fd0fa,Update to Electronic Export Manifest (EEM) – Truck Manifest Implementation Guide (IG) 358 Customs Consist,1783623420
s3://cits-rag-s3vector-documents-cits001/csms/1/69195270/csms-69195270.txt,INDEXED,,2026-09-08T20:08:28.238614+00:00,True,366,2,True,,,,,,20260709,csms_message,69195270,,,,,2026-07-09,https://content.govdelivery.com/accounts/USDHSCBP/bulletins/41fd606,"ACE CATAIR AD/CVD Case Information Query Deploying to PROD on July 9, 2026",1783633800
s3://cits-rag-s3vector-documents-cits001/csms/1/69202282/csms-69202282.txt,INDEXED,,2026-09-08T20:08:27.423495+00:00,True,361,1,True,,,,,,20260713,csms_message,69202282,,,,,2026-07-13,https://content.govdelivery.com/accounts/USDHSCBP/bulletins/41ff16a,Updated ACE Development and Deployment Schedule Posted to CBP.gov/ACE,1783961940
s3://cits-rag-s3vector-documents-cits001/csms/1/69239974/csms-69239974.txt,INDEXED,,2026-09-08T20:08:28.167185+00:00,True,376,2,True,,,,,,20260714,csms_message,69239974,,,,['Taiwan'],2026-07-14,https://content.govdelivery.com/accounts/USDHSCBP/bulletins/42084a6,Harmonized System Update (HSU) 2615,1784046480
s3://cits-rag-s3vector-documents-cits001/csms/1/69241265/csms-69241265.txt,INDEXED,,2026-09-08T20:08:15.678559+00:00,True,366,2,True,,,,,,20260714,csms_message,69241265,,,,,2026-07-14,https://content.govdelivery.com/accounts/USDHSCBP/bulletins/42089b1,New “Inactive for Entry Purposes” Status will Deploy in ACE on July 16,1784054580
s3://cits-rag-s3vector-documents-cits001/csms/1/69242526/attachments/01-webinar-external-schedule-june-final-2026-1.pdf,INDEXED,,2026-09-08T20:08:27.510249+00:00,True,691,5,True,,,Webinar External Schedule June Final 2026 1.pdf,1,https://content.govdelivery.com/attachments/USDHSCBP/2026/07/14/file_attachments/3714339/Webinar%20External%20Schedule%20June%20Final%202026%201.pdf,20260714,csms_attachment,69242526,69242526,https://content.govdelivery.com/accounts/USDHSCBP/bulletins/4208e9e,National Commodity Specialist Division (NCSD) August 2026 Webinars,,2026-07-14,,,1784060340
s3://cits-rag-s3vector-documents-cits001/csms/1/69242526/csms-69242526.txt,INDEXED,,2026-09-08T20:08:27.551009+00:00,True,358,3,True,,,,,,20260714,csms_message,69242526,,,,,2026-07-14,https://content.govdelivery.com/accounts/USDHSCBP/bulletins/4208e9e,National Commodity Specialist Division (NCSD) August 2026 Webinars,1784060340
s3://cits-rag-s3vector-documents-cits001/csms/1/69242864/csms-69242864.txt,INDEXED,,2026-09-08T20:08:15.349186+00:00,True,394,1,True,,,,,,20260714,csms_message,69242864,,,,,2026-07-14,https://content.govdelivery.com/accounts/USDHSCBP/bulletins/4208ff0,"ACE Certification Standard Invasive Maintenance Window on July 15, 2026 from 5:00 p.m. to 8:00 p.m. ET",1784062260
s3://cits-rag-s3vector-documents-cits001/csms/1/69247555/csms-69247555.txt,INDEXED,,2026-09-08T20:08:28.223524+00:00,True,432,3,True,,,,,,20260715,csms_message,69247555,,,,,2026-07-15,https://content.govdelivery.com/accounts/USDHSCBP/bulletins/420a243,Notice from the U.S. Fish and Wildlife Service regarding Final Rule Amending 50 CFR Part 10 Shellfish Definition and Updated Tariff Flagging,1784123340
s3://cits-rag-s3vector-documents-cits001/csms/1/69252300/csms-69252300.txt,INDEXED,,2026-09-08T20:08:30.541615+00:00,True,358,3,True,,,,,,20260715,csms_message,69252300,,,,,2026-07-15,https://content.govdelivery.com/accounts/USDHSCBP/bulletins/420b4cc,GUIDANCE: Section 232 Copper Smelt and Cast Reporting Requirements,1784148480
s3://cits-rag-s3vector-documents-cits001/csms/1/69252325/csms-69252325.txt,INDEXED,,2026-09-08T20:08:28.141018+00:00,True,418,1,True,,,,,,20260716,csms_message,69252325,,,,,2026-07-16,https://content.govdelivery.com/accounts/USDHSCBP/bulletins/420b4e5,"ACE Production Standard Invasive Maintenance from 10:00 p.m. ET Saturday, July 18, 2026, to 4:00 a.m. ET Sunday, July 19, 2026",1784212860
s3://cits-rag-s3vector-documents-cits001/csms/1/69260756/csms-69260756.txt,INDEXED,,2026-09-08T20:08:15.265343+00:00,True,392,1,True,,,,,,20260717,csms_message,69260756,,,,,2026-07-17,https://content.govdelivery.com/accounts/USDHSCBP/bulletins/420d5d4,U.S. Customs and Border Protection Announces Registration Open for August Trade Enforcement Webinars,1784294100
s3://cits-rag-s3vector-documents-cits001/csms/1/69268077/csms-69268077.txt,INDEXED,,2026-09-08T20:08:28.127378+00:00,True,382,2,True,,,,,,20260717,csms_message,69268077,,,,,2026-07-17,https://content.govdelivery.com/accounts/USDHSCBP/bulletins/420f26d,Update to ACE CATAIR Error Dictionary: New Error F875 IMPORTER INACTIVE FOR ENTRY PURPOSES,1784303460
s3://cits-rag-s3vector-documents-cits001/csms/1/69271650/csms-69271650.txt,INDEXED,,2026-09-08T20:08:15.249662+00:00,True,477,2,True,,,,,,20260717,csms_message,69271650,,,,,2026-07-17,https://content.govdelivery.com/accounts/USDHSCBP/bulletins/4210062,"New Validation for Import Adjustment Offset for Section 232 Duties for Automobile and Medium and Heavy-Duty Vehicle Parts to Deploy July 18, 2026 – ACE CATAIR Error Dictionary Updated",1784323980
s3://cits-rag-s3vector-documents-cits001/csms/1/69289734/csms-69289734.txt,INDEXED,,2026-09-08T20:08:15.390597+00:00,True,513,4,True,,,,,,20260720,csms_message,69289734,,,,,2026-07-20,https://content.govdelivery.com/accounts/USDHSCBP/bulletins/4214706,"Implementation of Entry Type 13 Test in ACE for U.S. Mail Processing (INT-057) and Mail Entry Type 13 Test (CBP-290) – Deploying to ACE CERT Environment on July 24, 2026 and to ACE PROD Environment on September 22, 2026",1784571780
s3://cits-rag-s3vector-documents-cits001/csms/1/69290648/csms-69290648.txt,INDEXED,,2026-09-08T20:08:15.404348+00:00,True,345,2,True,,,,,,20260720,csms_message,69290648,,,,,2026-07-20,https://content.govdelivery.com/accounts/USDHSCBP/bulletins/4214a98,Information: Quota Bulletin 26-402 2027 Cotton Note 6,1784574720
s3://cits-rag-s3vector-documents-cits001/csms/1/69290703/csms-69290703.txt,INDEXED,,2026-09-08T20:08:20.574297+00:00,True,345,2,True,,,,,,20260720,csms_message,69290703,,,,,2026-07-20,https://content.govdelivery.com/accounts/USDHSCBP/bulletins/4214acf,Information: Quota Bulletin 26-403 2027 Cotton Note 7,1784575080
s3://cits-rag-s3vector-documents-cits001/csms/1/69290728/csms-69290728.txt,INDEXED,,2026-09-08T20:08:28.210190+00:00,True,345,2,True,,,,,,20260720,csms_message,69290728,,,,,2026-07-20,https://content.govdelivery.com/accounts/USDHSCBP/bulletins/4214ae8,Information: Quota Bulletin 26-404 2027 Cotton Note 8,1784575500
s3://cits-rag-s3vector-documents-cits001/csms/1/69297862/csms-69297862.txt,INDEXED,,2026-09-08T20:08:15.371875+00:00,True,399,1,True,,,,,,20260721,csms_message,69297862,,,,,2026-07-21,https://content.govdelivery.com/accounts/USDHSCBP/bulletins/42166c6,"ACE Certification Extended Invasive Maintenance Window on July 22, 2026 from 5:00 p.m. ET to 10:00 p.m. ET.",1784640480
s3://cits-rag-s3vector-documents-cits001/csms/1/69298180/csms-69298180.txt,INDEXED,,2026-09-08T20:08:36.680638+00:00,True,434,2,True,,,,,,20260721,csms_message,69298180,,,,,2026-07-21,https://content.govdelivery.com/accounts/USDHSCBP/bulletins/4216804,Additional Implementation Guides posted for Entry Type 13 Test in ACE for U.S. Mail Processing (INT-057) and Mail Entry Type 13 Test (CBP-290),1784641920
s3://cits-rag-s3vector-documents-cits001/csms/1/69302472/attachments/01-section-301-hts-list07172026-508c.pdf,INDEXED,,2026-09-08T20:08:20.477478+00:00,True,708,70,True,,,Section 301 HTS LIST07172026_508c.pdf,1,https://content.govdelivery.com/attachments/USDHSCBP/2026/07/21/file_attachments/3721364/Section%20301%20HTS%20LIST07172026_508c.pdf,20260721,csms_attachment,69302472,69302472,https://content.govdelivery.com/accounts/USDHSCBP/bulletins/42178c8,GUIDANCE: Section 301 Duties on Certain Products from Brazil,['Brazil'],2026-07-21,,,1784669160
s3://cits-rag-s3vector-documents-cits001/csms/1/69302472/csms-69302472.txt,INDEXED,,2026-09-08T20:08:15.362577+00:00,True,401,11,True,,,,,,20260721,csms_message,69302472,,,,['Brazil'],2026-07-21,https://content.govdelivery.com/accounts/USDHSCBP/bulletins/42178c8,GUIDANCE: Section 301 Duties on Certain Products from Brazil,1784669160
s3://cits-rag-s3vector-documents-cits001/csms/1/69321612/csms-69321612.txt,INDEXED,,2026-09-08T20:08:28.155295+00:00,True,417,1,True,,,,,,20260723,csms_message,69321612,,,,,2026-07-23,https://content.govdelivery.com/accounts/USDHSCBP/bulletins/421c38c,"ACE Production Standard Invasive Maintenance from 10:00 p.m. ET Saturday, July 25, 2026 to 4:00 a.m. ET Sunday, July 26, 2026",1784815320
s3://cits-rag-s3vector-documents-cits001/csms/1/69324417/csms-69324417.txt,INDEXED,,2026-09-08T20:08:15.434141+00:00,True,376,1,True,,,,,,20260723,csms_message,69324417,,,,['Brazil'],2026-07-23,https://content.govdelivery.com/accounts/USDHSCBP/bulletins/421ce81,Harmonized System Update (HSU) 2616,1784829420
s3://cits-rag-s3vector-documents-cits001/csms/1/69326983/attachments/01-forced-labor-hts-list.pdf,INDEXED,,2026-09-08T20:29:06.530886+00:00,True,1014,275,True,,,Forced Labor HTS LIST.pdf,1,https://content.govdelivery.com/attachments/USDHSCBP/2026/07/23/file_attachments/3723786/Forced%20Labor%20HTS%20LIST.pdf,20260723,csms_attachment,69326983,69326983,https://content.govdelivery.com/accounts/USDHSCBP/bulletins/421d887,GUIDANCE: Section 301 Forced Labor Import Duties,"['Algeria', 'Australia', 'Bahamas', 'Bahrain', 'Bangladesh', 'Brazil', 'Cambodia', 'Chile', 'China', 'Colombia', 'Costa Rica', 'Dominican Republic', 'Ecuador', 'Egypt', 'El Salvador', 'European Union', 'Guatemala', 'Honduras', 'Hong Kong', 'India', 'Indonesia', 'Iraq', 'Israel', 'Japan', 'Jordan', 'Kazakhstan', 'Kuwait', 'Libya', 'Malaysia', 'New Zealand', 'Nicaragua', 'Nigeria', 'Norway', 'Oman', 'Pakistan', 'Peru', 'Qatar', 'Russia', 'Saudi Arabia', 'Singapore', 'South Africa']",2026-07-23,,,1784843400
s3://cits-rag-s3vector-documents-cits001/csms/1/69326983/csms-69326983.txt,INDEXED,,2026-09-08T20:29:06.552306+00:00,True,918,34,True,,,,,,20260723,csms_message,69326983,,,,"['Algeria', 'Australia', 'Bahamas', 'Bahrain', 'Bangladesh', 'Brazil', 'Cambodia', 'Chile', 'China', 'Colombia', 'Costa Rica', 'Dominican Republic', 'Ecuador', 'Egypt', 'El Salvador', 'European Union', 'Guatemala', 'Honduras', 'Hong Kong', 'India', 'Indonesia', 'Iraq', 'Israel', 'Japan', 'Jordan', 'Kazakhstan', 'Kuwait', 'Libya', 'Malaysia', 'New Zealand', 'Nicaragua', 'Nigeria', 'Norway', 'Oman', 'Pakistan', 'Peru', 'Qatar', 'Russia', 'Saudi Arabia', 'Singapore', 'South Africa', 'South Korea', 'Sri Lanka', 'Switzerland', 'Taiwan', 'Thailand', 'Trinidad and Tobago', 'Turkey', 'United Arab Emirates', 'United Kingdom', 'Uruguay', 'Venezuela', 'Vietnam']",2026-07-23,https://content.govdelivery.com/accounts/USDHSCBP/bulletins/421d887,GUIDANCE: Section 301 Forced Labor Import Duties,1784843400
s3://cits-rag-s3vector-documents-cits001/csms/1/69357309/csms-69357309.txt,INDEXED,,2026-09-08T20:08:34.144694+00:00,True,327,2,True,,,,,,20260727,csms_message,69357309,,,,,2026-07-27,https://content.govdelivery.com/accounts/USDHSCBP/bulletins/4224efd,Harmonized System Update (HSU) 2617,1785165420
s3://cits-rag-s3vector-documents-cits001/csms/1/69368723/csms-69368723.txt,INDEXED,,2026-09-08T20:08:30.497245+00:00,True,442,1,True,,,,,,20260728,csms_message,69368723,,,,,2026-07-28,https://content.govdelivery.com/accounts/USDHSCBP/bulletins/4227b93,Consumer Product Safety Commission (CPSC) Implementation Guide and Partner Government Agency (PGA) Flag Enforcement Table Documents Updated on CBP.gov,1785247500
s3://cits-rag-s3vector-documents-cits001/csms/1/69368975/csms-69368975.txt,INDEXED,,2026-09-08T20:08:28.209661+00:00,True,376,1,True,,,,,,20260728,csms_message,69368975,,,,,2026-07-28,https://content.govdelivery.com/accounts/USDHSCBP/bulletins/4227c8f,New e214 Error Code Validation for Post Admission Corrections and Updated Appendix P,1785248400
s3://cits-rag-s3vector-documents-cits001/csms/1/69370520/csms-69370520.txt,INDEXED,,2026-09-08T20:08:28.195277+00:00,True,380,1,True,,,,,,20260728,csms_message,69370520,,,,,2026-07-28,https://content.govdelivery.com/accounts/USDHSCBP/bulletins/4228298,ACE Certification Standard Invasive Maintenance Window from 5:00 p.m. ET to 8:00 p.m. ET,1785257940
s3://cits-rag-s3vector-documents-cits001/csms/1/69379504/csms-69379504.txt,INDEXED,,2026-09-08T20:08:28.224548+00:00,True,396,1,True,,,,,,20260729,csms_message,69379504,,,,,2026-07-29,https://content.govdelivery.com/accounts/USDHSCBP/bulletins/422a5b0,Update to ACE CATAIR Stand-alone Filing for Prior Notice Data (PE/PX) Document Updated for Entry Type 13,1785332640
s3://cits-rag-s3vector-documents-cits001/csms/1/69379587/csms-69379587.txt,INDEXED,,2026-09-08T20:08:20.431514+00:00,True,384,3,True,,,,,,20260729,csms_message,69379587,,,,,2026-07-29,https://content.govdelivery.com/accounts/USDHSCBP/bulletins/422a603,APHIS Announces Updates to Plant Inspection Station Message Set Filings and Deployment Dates,1785332160
s3://cits-rag-s3vector-documents-cits001/csms/1/69379627/csms-69379627.txt,INDEXED,,2026-09-08T20:08:15.375739+00:00,True,344,1,True,,,,,,20260729,csms_message,69379627,,,,,2026-07-29,https://content.govdelivery.com/accounts/USDHSCBP/bulletins/422a62b,PGA Flag Enforcement Table Updated for Entry Type 13,1785332580
s3://cits-rag-s3vector-documents-cits001/csms/1/69382435/csms-69382435.txt,INDEXED,,2026-09-08T20:08:15.506130+00:00,True,408,2,True,,,,,,20260729,csms_message,69382435,,,,,2026-07-29,https://content.govdelivery.com/accounts/USDHSCBP/bulletins/422b123,Update: Information from the Consumer Product Safety Commission (CPSC) Related to CPSC’s PGA Message Set (eFiling),1785346500
s3://cits-rag-s3vector-documents-cits001/csms/1/69382458/csms-69382458.txt,INDEXED,,2026-09-08T20:08:15.281049+00:00,True,420,3,True,,,,,,20260729,csms_message,69382458,,,,,2026-07-29,https://content.govdelivery.com/accounts/USDHSCBP/bulletins/422b13a,Update to the Automated Export System Trade Interface Requirements – Appendix V – HTS Numbers that Cannot be Reported in AES,1785346740
s3://cits-rag-s3vector-documents-cits001/csms/1/69391098/csms-69391098.txt,INDEXED,,2026-09-08T20:08:36.660761+00:00,True,419,1,True,,,,,,20260730,csms_message,69391098,,,,,2026-07-30,https://content.govdelivery.com/accounts/USDHSCBP/bulletins/422d2fa,"ACE Production Standard Invasive Maintenance from 10:00 p.m. ET Saturday, August 1, 2026 to 4:00 a.m. ET Sunday, August 2, 2026",1785421140
s3://cits-rag-s3vector-documents-cits001/csms/1/69395228/csms-69395228.txt,INDEXED,,2026-09-08T20:08:30.582382+00:00,True,360,1,True,,,,,,20260730,csms_message,69395228,,,,,2026-07-30,https://content.govdelivery.com/accounts/USDHSCBP/bulletins/422e31c,Quota Processing Issue in the Automated Commercial Environment (ACE),1785441300
s3://cits-rag-s3vector-documents-cits001/csms/1/69395344/attachments/01-section-232-pharmahtslist-final.docx,INDEXED,,2026-09-08T20:29:06.568704+00:00,True,856,6,True,,,Section 232 PharmaHTSlist FINAL.docx,1,https://content.govdelivery.com/attachments/USDHSCBP/2026/07/30/file_attachments/3731061/Section%20232%20PharmaHTSlist%20FINAL.docx,20260730,csms_attachment,69395344,69395344,https://content.govdelivery.com/accounts/USDHSCBP/bulletins/422e390,GUIDANCE: Section 232 Duties on Imports of Patented Pharmaceutical Articles and Ingredients,"['Japan', 'European Union', 'Austria', 'Bulgaria', 'Czechia', 'Denmark', 'Finland', 'France', 'Greece', 'Ireland', 'Italy', 'Luxembourg', 'Netherlands', 'Poland', 'Romania', 'Spain', 'Sweden', 'South Korea', 'Switzerland', 'United Kingdom']",2026-07-30,,,1785442920
s3://cits-rag-s3vector-documents-cits001/csms/1/69395344/csms-69395344.txt,INDEXED,,2026-09-08T20:08:28.181395+00:00,True,776,11,True,,,,,,20260730,csms_message,69395344,,,,"['Japan', 'European Union', 'Austria', 'Bulgaria', 'Czechia', 'Denmark', 'Finland', 'France', 'Greece', 'Ireland', 'Italy', 'Luxembourg', 'Netherlands', 'Poland', 'Romania', 'Spain', 'Sweden', 'South Korea', 'Switzerland', 'United Kingdom']",2026-07-30,https://content.govdelivery.com/accounts/USDHSCBP/bulletins/422e390,GUIDANCE: Section 232 Duties on Imports of Patented Pharmaceutical Articles and Ingredients,1785442920
s3://cits-rag-s3vector-documents-cits001/csms/1/69402038/csms-69402038.txt,INDEXED,,2026-09-08T20:08:15.208554+00:00,True,365,1,True,,,,,,20260731,csms_message,69402038,,,,,2026-07-31,https://content.govdelivery.com/accounts/USDHSCBP/bulletins/422fdb6,An Updated Appendix PGA is Now Available in the DRAFT Chapters of CBP.gov,1785503520
s3://cits-rag-s3vector-documents-cits001/csms/1/69403181/csms-69403181.txt,INDEXED,,2026-09-08T20:08:34.295247+00:00,True,327,1,True,,,,,,20260731,csms_message,69403181,,,,,2026-07-31,https://content.govdelivery.com/accounts/USDHSCBP/bulletins/423022d,Harmonized System Update (HSU) 2618,1785509340
s3://cits-rag-s3vector-documents-cits001/csms/1/69415934/csms-69415934.txt,INDEXED,,2026-09-08T20:08:20.538282+00:00,True,520,2,True,,,,,,20260802,csms_message,69415934,,,,['United Kingdom'],2026-08-02,https://content.govdelivery.com/accounts/USDHSCBP/bulletins/42333fe,GUIDANCE: Reduction of Tariffs on Patented Pharmaceuticals and Pharmaceutical Ingredients for Products of the United Kingdom Implemented by Presidential Proclamation 11020,1785632940
